id,eui,name,connected_at,disconnected_at,is_connected,last_connected,downtime_duration,last_uplink_received_at,last_downlink_received_at,last_status_received_at
eui-00000080029c07adf4,000080029C07ADF4,IDU00415-St. Ignatius Brgy Hall facing Fordham,,,False,,0.0,,,
eui-0000080029c07ace4,0000080029C07ACE,IDU00416-Silikon-PWX,,,False,,0.0,,,
eui-0000080029c07ad2a,000080029C07AD2A,IDU00414-St. Ignatius Barracks Gate 3,,,False,,0.0,,,
eui-0000080029c07add3,000080029C07ADD3,IDU00419-BPI Bel-Air Polaris-PWX,2022-09-22 22:46:57,,True,2022-09-29 17:46:32,0.0,2022-09-29 17:46:32,2022-09-29 17:39:17,2022-09-29 17:46:30
eui-0000080029c07add7,000080029C07ADD7,IDU00418-St. Ignatius Kaps Residence,2022-09-22 22:47:05,,True,2022-09-29 17:46:54,0.0,2022-09-29 17:46:54,2022-09-29 17:45:25,2022-09-29 17:46:47
eui-0000080029c07addd,000080029C07ADDD,IDU00413-Clixlogic Converge Manggahan,2022-09-29 08:45:53,,True,2022-09-29 17:46:24,0.0,2022-09-29 17:46:24,2022-09-29 17:45:16,2022-09-29 17:46:09
eui-0000080029c07ae05,000080029C07AE05,IDU00417-SH OUANO AVE SOUTH COSS-PWX,2022-09-25 16:29:56,,True,2022-09-29 17:46:48,0.0,2022-09-29 17:46:48,2022-09-29 17:38:24,2022-09-29 17:46:38
eui-000016c001f10090c4,0016C001F10090C4,PICO-00001-Pico Next Indoor Gateway Testing,2022-09-29 10:16:08,,True,2022-09-29 17:46:29,0.0,2022-09-29 17:46:29,2022-09-29 17:40:51,2022-09-29 17:46:14
eui-000016c001f11e7419,0016C001F11E7419,PICO-00002-PWX,,,False,,0.0,,,
eui-00001c497bcb1978,00001C497BCB1978,IDU00073-BSU-OJT-Janella-PWX,,,False,,0.0,,,
eui-00001c497bd1fd0a,00001C497BD1FD0A,IDU00087-Silikon-PWX-Office-Indoor-Gateway,2022-09-13 11:12:31,,True,2022-09-29 17:46:42,0.0,2022-09-29 17:11:08,2022-09-29 09:47:06,2022-09-29 17:46:42
eui-00001c497bd1fd17,00001C497BD1FD17,IDU00003-Lea OLais-PWX,,,False,,0.0,,,
eui-00001c497bd1fd1c,00001C497BD1FD1C,IDU00029-ThingsPh-PWX,,,False,,0.0,,,
eui-00001c497bd1fd3a,00001C497BD1FD3A,IDU00001-Delta Dore-PWX,,,False,,0.0,,,
eui-00001c497bee2cb5,00001C497BEE2CB5,ODU00015-OSMA 1-915-PWX,2022-09-13 11:12:31,,True,2022-09-29 17:47:00,0.0,,,2022-09-29 17:47:00
eui-00001c497bee2cca,00001C497BEE2CCA,ODU00003-Office-PWX,,,False,,0.0,,,
eui-00001c497bee2cd1,00001C497BEE2CD1,ODU00005-Pasig-OSMA 2-915-PWX,2022-09-13 11:12:34,,True,2022-09-29 17:46:58,0.0,,,2022-09-29 17:46:58
eui-00001c497bee2ce9,00001C497BEE2CE9,ODU00014-Pasig-OSMA 3-915-PWX,,2022-09-28 10:43:58,False,2022-09-28 10:40:18,219.719849,,,2022-09-28 10:40:18
eui-00001c497bee2d03,00001C497BEE2D03,ODU00022-OSMA 4-902,2022-09-13 11:12:30,,True,2022-09-29 17:46:57,0.0,,,2022-09-29 17:46:57
eui-00001c497bf35a44,00001C497BF35A44,ODU00015-Pasig-OSMA 1-868-PWX,2022-09-13 11:12:30,,True,2022-09-29 17:46:30,0.0,2022-09-29 17:37:12,2022-09-29 07:09:49,2022-09-29 17:46:30
eui-00001c497bf35a47,00001C497BF35A47,ODU00014-OSMA 3-868-PWX,,2022-09-28 10:43:58,False,2022-09-28 10:40:17,221.094223,2022-09-27 22:35:28,,2022-09-28 10:40:17
eui-00001c497bf35a6c,00001C497BF35A6C,IDU00002-PTCI 4-PWX,,,False,,0.0,,,
eui-00001c497bf35a7a,00001C497BF35A7A,ODU00022-OSMA 4-868-PWX,2022-09-13 11:12:33,,True,2022-09-29 17:46:44,0.0,2022-09-29 06:32:01,2022-09-29 06:31:32,2022-09-29 17:46:44
eui-00001c497bf35a81,00001C497BF35A81,ODU00003-Office-PWX,,,False,,0.0,,,
eui-00001c497bf35a83,00001C497BF35A83,ODU00005-OSMA 2-868-PWX,2022-09-13 11:12:34,,True,2022-09-29 17:46:22,0.0,2022-09-29 17:37:12,2022-09-29 17:01:02,2022-09-29 17:46:22
eui-00001c497bf35a8d,00001C497BF35A8D,IDU00064-Pullout,,,False,,0.0,,,
eui-00001c497bf35a90,00001C497BF35A90,IDU00092-LG Petroprime,2022-09-29 08:41:35,,True,2022-09-29 17:46:58,0.0,2022-09-29 16:53:16,2022-09-29 09:53:16,2022-09-29 17:46:58
eui-00001c497bf35a97,00001C497BF35A97,IDU00062-PWX,,,False,,0.0,,,
eui-00001c497bf35aad,00001C497BF35AAD,IDU00063-ThingsPh,,,False,,0.0,,,
eui-00001c497bffb30f,00001C497BFFB30F,IDU000024-The Curve Bldg 1,2022-09-24 12:23:05,,True,2022-09-29 17:46:35,0.0,2022-09-29 17:45:50,2022-09-29 17:30:49,2022-09-29 17:46:35
eui-00001c497bffb310,00001C497BFFB310,IDU00205-SH SOUTH SUPER MAGALLANES COSS-PWX,2022-09-29 07:02:29,,True,2022-09-29 17:46:53,0.0,2022-09-29 17:46:53,2022-09-29 17:44:41,2022-09-29 17:46:47
eui-00001c497bffb311,00001C497BFFB311,IDU00217-Al Santos-PWX,,,False,,0.0,,,
eui-00001c497bffb312,00001C497BFFB312,IDU00271-First Gen-Avion Plant-PWX,2022-09-22 22:47:05,,True,2022-09-29 17:46:33,0.0,2022-09-29 17:44:19,2022-09-29 17:00:19,2022-09-29 17:46:33
eui-00001c497bffb313,00001C497BFFB313,IDU00184-SH DAMOSA LANANG DAVAO COSS-PWX,2022-09-22 22:46:58,,True,2022-09-29 17:46:38,0.0,2022-09-29 17:46:38,2022-09-29 17:42:38,2022-09-29 17:46:30
eui-00001c497bffb314,00001C497BFFB314,IDU00281-BPI Timog Avenue-PWX,,,False,,0.0,,,
eui-00001c497bffb319,00001C497BFFB319,IDU00128-Geos-PWX,2022-09-29 10:53:59,,True,2022-09-29 17:46:17,0.0,2022-09-29 17:43:56,2022-09-29 17:43:57,2022-09-29 17:46:17
eui-00001c497bffb31a,00001C497BFFB31A,IDU00284-ULPI-Cold Storage 4(Left Middle)-GSM,2022-09-23 18:21:20,,True,2022-09-29 17:46:59,0.0,2022-09-29 17:46:59,2022-09-29 17:33:28,2022-09-29 17:46:32
eui-00001c497bffb31d,00001C497BFFB31D,IDU00164-PWX,,,False,,0.0,,,
eui-00001c497bffb31e,00001C497BFFB31E,IDU00004-First Gen Coca Cola Bulacan(PO),,,False,,0.0,,,
eui-00001c497bffb31f,00001C497BFFB31F,IDU00266-PWX,,,False,,0.0,,,
eui-00001c497bffb320,00001C497BFFB320,IDU00078-ThingsPh,,,False,,0.0,,,
eui-00001c497bffb321,00001C497BFFB321,IDU00209-PWX,,,False,,0.0,,,
eui-00001c497bffb325,00001C497BFFB325,IDU00263-Pearl Drive Pasig-PWX,2022-09-22 22:46:57,,True,2022-09-29 17:46:28,0.0,2022-09-29 17:46:21,2022-09-29 17:41:02,2022-09-29 17:46:28
eui-00001c497bffb327,00001C497BFFB327,IDU00150-Magellan Solutions 1,,,False,,0.0,,,
eui-00001c497bffb328,00001C497BFFB328,IDU00028-NCS-Singtel-PWX,,,False,,0.0,,,
eui-00001c497bffb32c,00001C497BFFB32C,IDU00224-BPI Muntinlupa-PWX,2022-09-29 07:44:48,,True,2022-09-29 17:46:58,0.0,2022-09-29 17:46:08,2022-09-29 17:43:28,2022-09-29 17:46:58
eui-00001c497bffb32f,00001C497BFFB32F,IDU00264-Cavite Varacco Farm -PWX,2022-09-22 22:46:56,,True,2022-09-29 17:46:59,0.0,2022-09-29 17:45:45,2022-09-29 17:45:45,2022-09-29 17:46:59
eui-00001c497bffb330,00001C497BFFB330,IDU00270-Office,,,False,,0.0,,,
eui-00001c497bffb331,00001C497BFFB331,IDU00097-Pablo Ocampo Makati-PWX,2022-09-22 22:46:57,,True,2022-09-29 17:47:04,0.0,2022-09-29 08:45:57,2022-09-29 05:00:00,2022-09-29 17:47:04
eui-00001c497bffb332,00001C497BFFB332,IDU00152-Citadines Millenium-PWX,2022-09-26 17:29:40,,True,2022-09-29 17:46:48,0.0,2022-09-29 17:46:48,2022-09-29 17:46:26,2022-09-29 17:46:28
eui-00001c497bffb333,[],IDU00011-Magellan Solutions 2,,,False,,0.0,,,
eui-00001c497bffb334,00001C497BFFB333,IDU00194-Concentrix-ALABANG 2-8F UPS ROOM,2022-09-29 17:21:18,,True,2022-09-29 17:47:07,0.0,2022-09-29 17:45:56,,2022-09-29 17:47:07
eui-00001c497bffb336,00001C497BFFB334,IDU00257-Meralco Lopez 12F-PWX,2022-09-26 19:53:48,,True,2022-09-29 17:46:37,0.0,2022-09-29 17:46:37,2022-09-29 17:32:10,2022-09-29 17:46:28
eui-00001c497bffb337,00001C497BFFB336,IDU00227-Winford Hotel 2F Casino,2022-09-29 02:47:58,,True,2022-09-29 17:46:29,0.0,2022-09-29 17:43:03,2022-09-29 17:43:04,2022-09-29 17:46:29
eui-00001c497bffb338,00001C497BFFB337,IDU00290-Barangay Valencia Hills QC-PWX,,,False,,0.0,,,
eui-00001c497bffb33a,00001C497BFFB338,IDU00208-W Highstreet 4F Women-PWX,,,False,,0.0,,,
eui-00001c497bffb33b,00001C497BFFB33A,"IDU00211-BPI Rizal Avenue, San Pablo, Laguna-PWX",2022-09-22 22:47:01,,True,2022-09-29 17:47:15,0.0,2022-09-29 17:46:52,2022-09-29 17:34:15,2022-09-29 17:47:15
eui-00001c497bffb33d,00001C497BFFB33B,IDU00079-King's Court Building-PWX,,,False,,0.0,,,
eui-00001c497bffb341,00001C497BFFB33D,IDU00012-Planet Cable (POC)-PWX,2022-09-13 11:12:33,,True,2022-09-29 17:47:15,0.0,2022-09-29 17:47:15,2022-09-29 17:47:15,2022-09-29 17:47:08
eui-00001c497bffb342,00001C497BFFB341,IDU00201-Concentrix-DAMOSA-GF SERVER ROOM,,,False,,0.0,,,
eui-00001c497bffb343,00001C497BFFB342,IDU00099-ULPI-Sorting Area-LAN,2022-09-19 07:48:44,,True,2022-09-29 17:47:18,0.0,2022-09-29 17:47:18,2022-09-29 17:46:45,2022-09-29 17:46:52
eui-00001c497bffb346,00001C497BFFB343,IDU00066-UP Los Banos-PWX,2022-09-28 20:46:10,,True,2022-09-29 17:47:19,0.0,2022-09-29 17:39:50,2022-09-29 16:24:27,2022-09-29 17:47:19
eui-00001c497bffb347,00001C497BFFB346,IDU00207-Silikon San Ildefonso Farm-PWX,2022-09-28 01:47:09,,True,2022-09-29 17:47:17,0.0,2022-09-29 17:47:13,2022-09-29 17:47:14,2022-09-29 17:47:17
eui-00001c497bffb348,00001C497BFFB347,IDU00192-BPI Marulas-PWX,2022-09-22 22:46:57,,True,2022-09-29 17:46:48,0.0,2022-09-29 17:46:44,2022-09-29 17:45:00,2022-09-29 17:46:48
eui-00001c497bffb34c,00001C497BFFB348,IDU00156-Testech 2-PWX,,,False,,0.0,,,
eui-00001c497bffb34e,00001C497BFFB34C,IDU00072-LG Petroprime,,,False,,0.0,,,
eui-00001c497bffb34f,00001C497BFFB34E,IDU00242-PWX,,,False,,0.0,,,
eui-00001c497bffb350,00001C497BFFB34F,IDU00200-PWX,,,False,,0.0,,,
eui-00001c497bffb352,00001C497BFFB350,IDU00058-Insular Life Bldg Corporate Center-PWX,2022-09-13 11:12:31,,True,2022-09-29 17:46:42,0.0,2022-09-29 16:56:46,2022-09-19 00:58:45,2022-09-29 17:46:42
eui-00001c497bffb353,00001C497BFFB352,IDU00250-PWX,2022-09-22 22:46:57,,True,2022-09-29 17:47:08,0.0,2022-09-29 17:47:08,2022-09-29 17:47:08,2022-09-29 17:46:42
eui-00001c497bffb354,00001C497BFFB353,IDU00274-J&F Divino Bldg Rooftop-PWX,,,False,,0.0,,,
eui-00001c497bffb356,00001C497BFFB354,IDU00157-Insular Life Alabang EE room,2022-09-13 11:12:37,,True,2022-09-29 17:47:14,0.0,2022-09-29 06:22:53,2022-09-29 06:22:53,2022-09-29 17:47:14
eui-00001c497bffb357,00001C497BFFB356,IDU00067-UP Diliman,,,False,,0.0,,,
eui-00001c497bffb35a,00001C497BFFB357,IDU00135-PWX,,,False,,0.0,,,
eui-00001c497bffb35c,00001C497BFFB35A,IDU00278-PWX,,,False,,0.0,,,
eui-00001c497bffb35d,00001C497BFFB35C,PulloutIDU00214-SH BINAN SAN PEDRO HWAY LAG,2022-09-29 07:45:11,,True,2022-09-29 17:47:10,0.0,2022-09-29 17:47:10,2022-09-29 17:46:54,2022-09-29 17:47:00
eui-00001c497bffb361,00001C497BFFB35D,IDU00202-ULPI Production Office-PWX,2022-09-25 16:29:09,,True,2022-09-29 17:47:04,0.0,2022-09-29 17:47:04,2022-09-29 17:46:28,2022-09-29 17:47:00
eui-00001c497bffb362,00001C497BFFB361,IDU00288-Cebu-Fast Cargo 2F mIddle,2022-09-13 11:12:33,,True,2022-09-29 17:46:57,0.0,2022-09-29 17:46:57,2022-09-29 17:35:53,2022-09-29 17:46:46
eui-00001c497bffb364,00001C497BFFB362,IDU00020-Pasig-KDCI 2-PWX,2022-09-16 01:04:51,,True,2022-09-29 17:46:58,0.0,2022-09-29 17:46:56,2022-09-29 17:43:44,2022-09-29 17:46:58
eui-00001c497bffb365,00001C497BFFB364,IDU00104-PWX,,,False,,0.0,,,
eui-00001c497bffb366,00001C497BFFB365,IDU00296-PWX-Ian-Jimenez,,,False,,0.0,,,
eui-00001c497bffb367,00001C497BFFB366,IDU00129-Testech-PWX,,,False,,0.0,,,
eui-00001c497bffb368,00001C497BFFB367,IDU00013-Office-PWX,,,False,,0.0,,,
eui-00001c497bffb36a,00001C497BFFB368,IDU00107-The Curve Bldg 2,,,False,,0.0,,,
eui-00001c497bffb36b,00001C497BFFB36A,IDU00108-J&F Divino Bldg 2F-PWX,2022-09-23 07:30:24,,True,2022-09-29 17:47:05,0.0,2022-09-29 17:32:24,2022-09-28 20:54:03,2022-09-29 17:47:05
eui-00001c497bffb36c,00001C497BFFB36B,IDU00041-BPI San Fernando Dolores-PWX,2022-09-29 08:20:25,,True,2022-09-29 17:46:52,0.0,2022-09-29 17:46:52,2022-09-29 17:46:52,2022-09-29 17:46:39
eui-00001c497bffb36e,00001C497BFFB36C,IDU00248-SH OG1 SAN FERNANDO PAMP COSS-PWX,2022-09-25 06:39:57,,True,2022-09-29 17:46:32,0.0,2022-09-29 17:45:33,2022-09-29 17:39:51,2022-09-29 17:46:32
eui-00001c497bffb371,00001C497BFFB36E,IDU00076-things Ph,2022-09-17 11:14:12,,True,2022-09-29 17:46:50,0.0,2022-09-29 17:44:49,2022-09-29 16:10:39,2022-09-29 17:46:50
eui-00001c497bffb372,00001C497BFFB371,IDU00282-PWX,,,False,,0.0,,,
eui-00001c497bffb373,00001C497BFFB372,IDU00279-RMC 16F-PWX,2022-09-25 10:21:49,,True,2022-09-29 17:47:13,0.0,2022-09-29 17:47:13,2022-09-29 17:47:10,2022-09-29 17:46:58
eui-00001c497bffb376,00001C497BFFB373,IDU00016-Clixlogic Vismin LAN,,,False,,0.0,,,
eui-00001c497bffb379,00001C497BFFB376,IDU00131-P.T. Cerna Makati Outdoor,,,False,,0.0,,,
eui-00001c497bffb37c,00001C497BFFB379,IDU00236-Meralco Power Tech-PWX,,,False,,0.0,,,
eui-00001c497bffb37d,00001C497BFFB37C,IDU00198-BPI Mandaluyong-PWX,2022-09-29 02:48:34,,True,2022-09-29 17:47:16,0.0,2022-09-29 17:47:16,2022-09-29 17:23:14,2022-09-29 17:47:06
eui-00001c497bffb380,00001C497BFFB37D,IDU00297-BPI Las Pinas-PWX,2022-09-22 22:46:56,,True,2022-09-29 17:46:51,0.0,2022-09-29 17:46:51,2022-09-29 17:38:14,2022-09-29 17:46:33
eui-00001c497bffb385,00001C497BFFB380,IDU00134-WIT 2-PWX,2022-09-13 11:12:31,,True,2022-09-29 17:47:07,0.0,2022-09-29 17:46:38,2022-09-29 17:37:02,2022-09-29 17:47:07
eui-00001c497bffb387,00001C497BFFB385,IDU00051-M1 Tower 1-PWX,2022-09-13 11:12:36,,True,2022-09-29 17:46:55,0.0,2022-09-29 17:46:55,2022-09-29 17:25:21,2022-09-29 17:46:55
eui-00001c497bffb388,00001C497BFFB387,IDU00080-Jopet-PWX,,,False,,0.0,,,
eui-00001c497bffb38b,00001C497BFFB388,IDU00295-Office testing dongle-PWX,2022-09-29 08:51:40,,True,2022-09-29 17:47:07,0.0,2022-09-29 17:47:07,2022-09-29 17:45:02,2022-09-29 17:47:07
eui-00001c497bffb38c,00001C497BFFB38B,IDU00110- Royal Cargo,,,False,,0.0,,,
eui-00001c497bffb38e,00001C497BFFB38C,IDU00243-Silikon San Ildefonso Farm 2-PWX,,,False,,0.0,,,
eui-00001c497bffb391,[],IDU00172-Concentrix-DAMOSA-2F HUB ROOM,,,False,,0.0,,,
eui-00001c497bffb392,00001C497BFFB38E,IDU00285-ULPI-Dry Storage Area-GSM,2022-09-23 07:25:12,,True,2022-09-29 17:47:19,0.0,2022-09-29 17:47:19,2022-09-29 17:45:08,2022-09-29 17:46:59
eui-00001c497bffb395,00001C497BFFB391,IDU00160-Citadines Millenium 2-PWX,,,False,,0.0,,,
eui-00001c497bffb396,00001C497BFFB392,IDU00133-CW Home Depot Imus,2022-09-13 11:12:29,,True,2022-09-29 17:47:33,0.0,,,2022-09-29 17:47:33
eui-00001c497bffb397,00001C497BFFB395,IDU00182-BPI Muntinlupa Tunasan-PWX,2022-09-26 19:53:14,,True,2022-09-29 17:46:59,0.0,2022-09-29 17:46:59,2022-09-29 17:45:33,2022-09-29 17:46:56
eui-00001c497bffb398,00001C497BFFB396,IDU00289-BPI Las Pinas Pamplona Tres-PWX,2022-09-22 22:47:02,,True,2022-09-29 17:47:12,0.0,2022-09-29 17:47:12,2022-09-29 17:19:41,2022-09-29 17:46:55
eui-00001c497bffb399,00001C497BFFB397,IDU00190-Concentrix-TECHNOHUB M-3F HUB ROOM,,,False,,0.0,,,
eui-00001c497bffb39b,00001C497BFFB398,IDU00232-Meralco Lopez Bldg-Basement-PWX,2022-09-22 22:47:05,,True,2022-09-29 17:47:14,0.0,2022-09-29 17:45:37,2022-09-29 16:25:54,2022-09-29 17:47:14
eui-00001c497bffb39d,00001C497BFFB399,IDU00140-Clixlogic Office-PWX,,2022-09-29 10:04:58,False,2022-09-29 10:00:42,256.445003,2022-09-29 10:00:40,2022-09-29 09:59:10,2022-09-29 10:00:42
eui-00001c497bffb39e,00001C497BFFB39B,IDU00191-Concentrix-ALABANG 3-9F SERVER ROOM,2022-09-22 22:47:05,,True,2022-09-29 17:47:11,0.0,2022-09-29 17:47:11,2022-09-29 00:24:13,2022-09-29 17:46:47
eui-00001c497bffb3a0,00001C497BFFB39D,IDU00262-KFC Farm Bulacan-PWX,2022-09-28 05:30:43,,True,2022-09-29 17:47:18,0.0,2022-09-29 17:47:17,2022-09-29 17:47:17,2022-09-29 17:47:18
eui-00001c497bffb3a6,00001C497BFFB39E,IDU00005-EISUS Enterprise-PWX,,,False,,0.0,,,
eui-00001c497bffb3a7,00001C497BFFB3A0,IDU00030-SH TAGAYTAY KAYBAGAL SOUTH COSS-PWX,2022-09-22 22:46:59,,True,2022-09-29 17:47:23,0.0,2022-09-29 17:47:23,2022-09-29 17:47:23,2022-09-29 17:47:04
eui-00001c497bffb3a8,00001C497BFFB3A6,IDU00175-BPI Pasong Tamo Ext. EDSA-PWX,2022-09-23 09:16:36,,True,2022-09-29 17:47:03,0.0,2022-09-29 17:47:03,2022-09-29 17:44:45,2022-09-29 17:46:58
eui-00001c497bffb3aa,00001C497BFFB3A7,IDU00177-BPI Aurora Boulevard-PWX,2022-09-22 22:46:57,,True,2022-09-29 17:46:53,0.0,2022-09-29 17:46:53,2022-09-29 17:44:58,2022-09-29 17:46:53
eui-00001c497bffb3ab,00001C497BFFB3A8,IDU00049-Office,2022-09-25 09:47:50,,True,2022-09-29 17:47:01,0.0,2022-09-29 17:42:47,2022-09-29 11:20:35,2022-09-29 17:47:01
eui-00001c497bffb3ac,00001C497BFFB3AA,IDU00260-W Fifth-PWX,2022-09-22 22:46:56,,True,2022-09-29 17:47:20,0.0,2022-09-27 06:26:14,,2022-09-29 17:47:20
eui-00001c497bffb3ad,00001C497BFFB3AB,IDU00233-Diversity-PWX,,,False,,0.0,,,
eui-00001c497bffb3ae,00001C497BFFB3AC,IDU00276-Jennys Ave Pasig-PWX,2022-09-22 22:46:59,,True,2022-09-29 17:47:26,0.0,2022-09-28 23:43:18,2022-09-23 21:10:28,2022-09-29 17:47:26
eui-00001c497bffb3af,00001C497BFFB3AD,IDU00017-Magellan Solutions 3,,,False,,0.0,,,
eui-00001c497bffb3b0,00001C497BFFB3AE,IDU00229-SH BAGO APLAYA TALOMO COSS-PWX,,,False,,0.0,,,
eui-00001c497bffb3b1,00001C497BFFB3AF,IDU00075-Concentrix-MACTAN-2F UPS ROOM,2022-09-29 17:06:32,,True,2022-09-29 17:47:21,0.0,2022-09-29 17:42:01,,2022-09-29 17:47:21
eui-00001c497bffb3b2,00001C497BFFB3B0,IDU00222-Concentrix-ALABANG 2-7F HUB ROOM,2022-09-22 22:46:58,,True,2022-09-29 17:47:17,0.0,2022-09-29 17:47:11,2022-09-28 23:46:26,2022-09-29 17:47:17
eui-00001c497bffb3b3,00001C497BFFB3B1,IDU00008-Irish-PWX,,,False,,0.0,,,
eui-00001c497bffb3b7,00001C497BFFB3B2,IDU00037-SH GEN MAXILOM CEBU COSS-PWX,2022-09-28 21:52:55,,True,2022-09-29 17:47:17,0.0,2022-09-29 17:47:17,2022-09-29 17:46:26,2022-09-29 17:46:49
eui-00001c497bffb3b8,00001C497BFFB3B3,IDU00225-Test Gateway,2022-09-29 13:27:18,,True,2022-09-29 17:47:07,0.0,2022-09-29 16:04:16,2022-09-29 16:04:16,2022-09-29 17:47:07
eui-00001c497bffb3b9,00001C497BFFB3B7,IDU00158-IBP Tower-PWX,,,False,,0.0,,,
eui-00001c497bffb3bc,00001C497BFFB3B8,IDU00040-Hardware-Jethro-PWX,2022-09-29 17:16:54,,True,2022-09-29 17:47:13,0.0,,,2022-09-29 17:47:13
eui-00001c497bffb3bd,00001C497BFFB3B9,IDU00261-First Gen Batangas-PWX,2022-09-29 08:46:04,,True,2022-09-29 17:47:21,0.0,2022-09-29 17:42:21,2022-09-29 17:11:04,2022-09-29 17:47:21
eui-00001c497bffb3bf,00001C497BFFB3BC,IDU00057-Laguna-Fast Services-PWX,2022-09-25 09:09:34,,True,2022-09-29 17:47:06,0.0,2022-09-29 17:40:06,2022-09-29 17:02:17,2022-09-29 17:47:06
eui-00001c497bffb3c1,00001C497BFFB3BD,IDU00196-Brgy. Mariana Hall QC-PWX,2022-09-22 22:46:46,,True,2022-09-29 17:47:15,0.0,2022-09-29 17:47:15,2022-09-29 17:24:51,2022-09-29 17:47:09
eui-00001c497bffb3c3,00001C497BFFB3BF,IDU00292-BPI Vito Cruz Taft Ave-PWX,2022-09-22 22:46:57,,True,2022-09-29 17:47:11,0.0,2022-09-29 17:47:11,2022-09-29 17:46:54,2022-09-29 17:47:08
eui-00001c497bffb3c6,00001C497BFFB3C1,IDU00283-Concentrix-ALABANG 2-6F UPS Room,2022-09-22 22:46:59,,True,2022-09-29 17:47:07,0.0,2022-09-29 17:45:56,2022-09-29 13:42:05,2022-09-29 17:47:07
eui-00001c497bffb3c9,00001C497BFFB3C3,IDU00018-KFC Matalino,,,False,,0.0,,,
eui-00001c497bffb3cc,00001C497BFFB3C6,IDU00247-ThingPh-Robinsons Galleria-PWX,2022-09-22 22:46:57,,True,2022-09-29 17:47:18,0.0,2022-09-29 17:46:51,2022-09-29 17:37:44,2022-09-29 17:47:18
eui-00001c497bffb3ce,00001C497BFFB3C9,IDU00174-Office-PWX,2022-09-22 22:46:56,,True,2022-09-29 17:47:21,0.0,2022-09-29 17:47:21,2022-09-29 17:46:56,2022-09-29 17:47:05
eui-00001c497bffb3cf,00001C497BFFB3CC,IDU00267-RMC 12F-PWX,2022-09-22 22:46:56,,True,2022-09-29 17:47:31,0.0,2022-09-29 17:47:31,2022-09-29 17:37:59,2022-09-29 17:47:12
eui-00001c497bffb3d3,00001C497BFFB3CE,IDU00023-Pasig-KDCI 1-PWX,2022-09-24 12:23:04,,True,2022-09-29 17:46:53,0.0,2022-09-29 17:46:46,2022-09-29 16:28:11,2022-09-29 17:46:53
eui-00001c497bffb3d4,00001C497BFFB3CF,IDU00195-Concentrix-ALABANG 3-11F HUB ROOM,2022-09-29 08:20:45,,True,2022-09-29 17:46:34,0.0,2022-09-29 17:45:56,,2022-09-29 17:46:34
eui-00001c497bffb3d5,00001C497BFFB3D3,IDU00256-CLIXLOGIC-PWX,2022-09-22 22:46:56,,True,2022-09-29 17:46:47,0.0,2022-09-29 17:45:41,2022-09-29 16:49:03,2022-09-29 17:46:47
eui-00001c497bffb3d7,00001C497BFFB3D4,IDU00244-ThingsPh,,,False,,0.0,,,
eui-00001c497bffb3d9,00001C497BFFB3D5,IDU00215-SH SAN AGUSTIN SFO PMPNGA COSS-PWX,2022-09-26 00:13:51,,True,2022-09-29 17:47:19,0.0,2022-09-29 17:47:15,2022-09-29 17:47:13,2022-09-29 17:47:19
eui-00001c497bffb3da,00001C497BFFB3D7,IDU00189-BPI Ermita Midland Plaza-PWX,2022-09-24 04:37:51,,True,2022-09-29 17:47:06,0.0,2022-09-29 17:47:06,2022-09-29 17:46:45,2022-09-29 17:47:02
eui-00001c497bffb3db,00001C497BFFB3D9,IDU00272-LG Petro,,,False,,0.0,,,
eui-00001c497bffb3e0,00001C497BFFB3DA,IDU00269-Jennys Ave Indoor-PWX,2022-09-24 05:48:57,,True,2022-09-29 17:47:26,0.0,2022-09-29 17:47:26,2022-09-29 17:33:30,2022-09-29 17:47:21
eui-00001c497bffb3e1,00001C497BFFB3DB,IDU00038-ThingsPh-PWX,,,False,,0.0,,,
eui-00001c497bffb3e2,00001C497BFFB3E0,IDU00251-BPI Dewey-PWX,2022-09-28 16:17:15,,True,2022-09-29 17:47:32,0.0,2022-09-29 17:47:32,2022-09-29 17:47:32,2022-09-29 17:47:30
eui-00001c497bffb3e3,00001C497BFFB3E1,IDU00204-CLIXLOGIC- PWX,2022-09-22 22:47:01,,True,2022-09-29 17:47:19,0.0,2022-09-29 17:47:19,2022-09-29 17:46:45,2022-09-29 17:47:03
eui-00001c497bffb3e4,00001C497BFFB3E2,IDU00193-W Highstreet 2F Womenâ€™s CR-PWX,,,False,,0.0,,,
eui-00001c497bffb3e8,00001C497BFFB3E3,IDU00171-BPI Monumento Circle-PWX,2022-09-23 16:35:24,,True,2022-09-29 17:47:18,0.0,2022-09-29 17:47:15,2022-09-29 17:47:04,2022-09-29 17:47:18
eui-00001c497bffb3ec,00001C497BFFB3E4,IDU00183-Taguig-W High Street Ground floor-PWX,2022-09-22 22:47:04,,True,2022-09-29 17:47:38,0.0,2022-09-29 17:42:44,2022-09-29 15:56:54,2022-09-29 17:47:38
eui-00001c497bffb3ee,[],IDU00130-ULPI-Shipping Area-LAN,2022-09-19 07:48:43,,True,2022-09-29 17:47:46,0.0,2022-09-29 17:47:46,2022-09-29 17:47:11,2022-09-29 17:47:25
eui-00001c497bffb3f1,00001C497BFFB3E8,IDU00231-SH LACSON SANTA CLARA COSS-PWX,2022-09-27 19:14:36,,True,2022-09-29 17:47:40,0.0,2022-09-29 17:47:40,2022-09-29 17:47:40,2022-09-29 17:47:29
eui-00001c497bffb3f2,00001C497BFFB3EC,IDU00136-Office,,,False,,0.0,,,
eui-00001c497bffb3f4,00001C497BFFB3EE,IDU00226-SH AIRPORT RD XAVIER EST COSS-PWX,2022-09-27 06:47:49,,True,2022-09-29 17:47:30,0.0,2022-09-29 17:47:26,2022-09-29 17:00:30,2022-09-29 17:47:30
eui-00001c497bffb3f5,00001C497BFFB3F1,IDU00265-W Highstreet Mezzanine-PWX,2022-09-22 22:46:58,,True,2022-09-29 17:47:00,0.0,2022-09-29 17:42:44,2022-09-29 07:00:21,2022-09-29 17:47:00
eui-00001c497bffb3f6,00001C497BFFB3F2,IDU00162-Concentrix-J CENTER-2F UPS ROOM,2022-09-25 16:12:57,,True,2022-09-29 17:47:22,0.0,2022-09-29 17:35:00,2022-09-29 15:19:16,2022-09-29 17:47:22
eui-00001c497bffb3f7,00001C497BFFB3F4,IDU00059-M1 Tower 2-PWX,,,False,,0.0,,,
eui-00001c497bffb3fb,00001C497BFFB3F5,IDU00268-RMC 6F-PWX,2022-09-22 22:46:57,,True,2022-09-29 17:47:32,0.0,2022-09-29 17:47:32,2022-09-29 17:44:23,2022-09-29 17:47:18
eui-00001c497bffb3fc,00001C497BFFB3F6,IDU00180-Concentrix-NUVALI-3F Server Room,2022-09-22 22:46:58,,True,2022-09-29 17:47:05,0.0,2022-09-29 17:43:48,2022-09-29 17:26:08,2022-09-29 17:47:05
eui-00001c497bffb401,00001C497BFFB3F7,IDU00206-Meralco BSC 2F-PWX,,,False,,0.0,,,
eui-00001c497bffb402,00001C497BFFB3FB,IDU00300-Concentrix-J CENTER-4F UPS ROOM,2022-09-29 11:42:14,,True,2022-09-29 17:47:48,0.0,2022-09-29 17:45:17,2022-09-29 17:45:18,2022-09-29 17:47:48
eui-00001c497bffb403,00001C497BFFB3FC,IDU00277-RMC 9F-PWX,2022-09-22 22:46:57,,True,2022-09-29 17:47:26,0.0,2022-09-29 17:47:26,2022-09-29 17:47:25,2022-09-29 17:47:21
eui-00001c497bffb404,00001C497BFFB401,IDU060-Quezon City- UP Diliman-PWX,,,False,,0.0,,,
eui-00001c497bffb405,00001C497BFFB402,IDU00258-Cebu-Teradyne 2F-PWX,2022-09-25 13:09:03,,True,2022-09-29 17:47:40,0.0,2022-09-29 17:47:40,2022-09-29 14:52:48,2022-09-29 17:47:32
eui-00001c497bffb406,00001C497BFFB403,IDU00203-PWX,,,False,,0.0,,,
eui-00001c497bffb407,00001C497BFFB404,IDU00178-BPI Kamuning-PWX,2022-09-29 06:39:49,,True,2022-09-29 17:47:33,0.0,2022-09-29 17:47:32,2022-09-29 17:47:32,2022-09-29 17:47:33
eui-00001c497bffb408,00001C497BFFB405,IDU00245-St. Ignatius Village-Fordham cor Harvard,2022-09-22 22:46:58,,True,2022-09-29 17:47:39,0.0,2022-09-29 17:47:32,2022-09-29 17:42:07,2022-09-29 17:47:39
eui-00001c497bffb40a,00001C497BFFB406,IDU00293-BPI Escolta-PWX,2022-09-22 22:46:46,,True,2022-09-29 17:47:15,0.0,2022-09-29 17:47:15,2022-09-29 17:46:42,2022-09-29 17:46:56
eui-00001c497bffb40b,00001C497BFFB407,IDU00238-Meralco BSC Basement-PWX,,,False,,0.0,,,
eui-00001c497bffb40d,00001C497BFFB408,IDU00294-BPI Tayuman-PWX,2022-09-24 16:27:33,,True,2022-09-29 17:47:33,0.0,2022-09-29 17:47:33,2022-09-29 17:44:16,2022-09-29 17:47:08
eui-000080029c012a56,00001C497BFFB40A,IDU00185-Concentrix-UPA-G-3F Network Room 2,,,False,,0.0,,,
eui-000080029c012a58,00001C497BFFB40B,IDU00187-Concentrix-UPA-G-2F Network Room 2-1,,,False,,0.0,,,
eui-000080029c012a59,00001C497BFFB40D,IDU00221-BSU-OJT-Daniela-PWX,,,False,,0.0,,,
eui-000080029c012a5b,000080029C012A56,IDU00035- SH ETON STA ROSA LAGUNA COSS. Rosa,2022-09-29 07:27:56,,True,2022-09-29 17:47:44,0.0,2022-09-29 17:47:44,2022-09-29 07:55:22,2022-09-29 17:47:19
eui-000080029c012a5c,000080029C012A58,IDU00165-San Antonio Brgy Hall Pasig-PWX,2022-09-26 17:42:51,,True,2022-09-29 17:47:02,0.0,2022-09-29 06:35:29,,2022-09-29 17:47:02
eui-000080029c012a5d,000080029C012A59,IDU00210-BPI BF Homes Presidents Ave-PWX,2022-09-29 03:26:39,,True,2022-09-29 17:47:33,0.0,2022-09-29 17:47:33,2022-09-29 17:14:34,2022-09-29 17:47:27
eui-000080029c012a60,000080029C012A5B,IDU00052-Royal Cargo Dasma,2022-09-28 01:23:07,,True,2022-09-29 17:47:48,0.0,,,2022-09-29 17:47:48
eui-000080029c012a61,000080029C012A5C,IDU00188-SH SINDALAN SFO PAMPANGA COSS-PWX,2022-09-26 08:52:33,,True,2022-09-29 17:47:41,0.0,2022-09-29 17:47:41,2022-09-29 17:47:40,2022-09-29 17:47:36
eui-000080029c012a63,000080029C012A5D,IDU00179-BPI Visayas Avenue-PWX,2022-09-24 21:32:03,,True,2022-09-29 17:47:36,0.0,2022-09-29 17:47:35,2022-09-29 17:13:15,2022-09-29 17:47:36
eui-000080029c012a64,000080029C012A60,IDU00253-Davao-Varacco Farm-Loreto-PWX,,,False,,0.0,,,
eui-000080029c012a67,000080029C012A61,IDU00146-Pwx,,,False,,0.0,,,
eui-000080029c012a69,000080029C012A63,IDU00273-Fast Cargo Cebu LAN-PWX,,,False,,0.0,,,
eui-000080029c012a6a,000080029C012A64,IDU00286-Cebu-Teradyne 2F-PWX,2022-09-24 04:52:03,,True,2022-09-29 17:47:39,0.0,2022-09-29 17:47:39,2022-09-29 16:41:27,2022-09-29 17:47:22
eui-000080029c012a6b,000080029C012A67,IDU00199-Concentrix-UPA-G-4F Network Room 2,2022-09-22 22:47:02,,True,2022-09-29 17:47:19,0.0,2022-09-29 17:46:59,2022-09-28 19:11:55,2022-09-29 17:47:19
eui-000080029c012a6f,000080029C012A69,IDU00010-Magellan Solutions 4,,,False,,0.0,,,
eui-000080029c012a75,000080029C012A6A,IDU00252-Cebu-Teradyne GF-PWX,2022-09-25 16:40:45,,True,2022-09-29 17:47:23,0.0,2022-09-29 17:47:23,,2022-09-29 17:47:23
eui-000080029c012a78,000080029C012A6B,IDU00249-IDU00249-NCS Singtel 2-PWX,,,False,,0.0,,,
eui-000080029c012a7a,000080029C012A6F,IDU00280-First Gen Batangas-PWX,2022-09-25 07:42:19,,True,2022-09-29 17:47:45,0.0,,,2022-09-29 17:47:45
eui-000080029c012a7b,000080029C012A75,IDU00218-M3GG+WM Quezon City-Clix Office,,,False,,0.0,,,
eui-000080029c012a80,000080029C012A78,IDU00246-Meralco Lopez Bldg. 9F-PWX,2022-09-22 22:46:57,,True,2022-09-29 17:47:15,0.0,2022-09-29 17:47:15,2022-09-29 17:46:31,2022-09-29 17:47:07
eui-000080029c012a82,000080029C012A7A,IDU00056-WIT 1-PWX,2022-09-13 11:12:35,,True,2022-09-29 17:47:22,0.0,2022-09-29 17:47:16,2022-09-29 17:26:25,2022-09-29 17:47:22
eui-000080029c012a83,000080029C012A7B,IDU00006-Pearl Place Condominium-PWX,,2022-09-29 14:12:28,False,2022-09-29 14:07:57,270.769336,2022-09-29 14:06:07,2022-09-29 10:34:55,2022-09-29 14:07:57
eui-000080029c012a84,000080029C012A80,IDU00181-W Highstreet Roof deck-PWX,2022-09-26 01:50:30,,True,2022-09-29 17:47:46,0.0,2022-09-29 17:46:50,2022-09-29 14:53:02,2022-09-29 17:47:46
eui-000080029c07acdb,000080029C012A82,IDU00316-First Gen-Tower Post 12-PWX,2022-09-22 22:46:57,,True,2022-09-29 17:47:22,0.0,2022-09-29 17:47:22,2022-09-29 17:47:22,2022-09-29 17:47:17
eui-000080029c07ace0,000080029C012A83,IDU00394-BPI QC West Triangle-PWX,2022-09-22 22:47:03,,True,2022-09-29 17:47:42,0.0,2022-09-29 17:47:34,2022-09-29 17:44:10,2022-09-29 17:47:42
eui-000080029c07ace2,000080029C012A84,IDU00319-Davao-Varacco Farm-PWX,,,False,,0.0,,,
eui-000080029c07ace7,000080029C07ACDB,IDU00407-BPI Angeles Sto. Rosario-PWX,2022-09-26 08:52:04,,True,2022-09-29 17:47:31,0.0,2022-09-29 17:47:17,2022-09-29 17:47:18,2022-09-29 17:47:31
eui-000080029c07acf0,000080029C07ACE0,IDU00446-Meralco BDO Ortigas-PWX,2022-09-23 05:10:35,,True,2022-09-29 17:47:19,0.0,2022-09-29 17:47:19,2022-09-29 17:42:11,2022-09-29 17:47:19
eui-000080029c07acf4,000080029C07ACE2,IDU00402-Fast Logistics Warehouse Area-PWX,2022-09-22 22:46:56,,True,2022-09-29 17:47:47,0.0,2022-09-29 17:46:01,2022-09-29 08:42:57,2022-09-29 17:47:47
eui-000080029c07acf7,000080029C07ACE7,IDU00347-BPI Alabang Madrigal Park,2022-09-22 22:46:46,,True,2022-09-29 17:47:50,0.0,2022-09-29 17:47:50,2022-09-29 17:31:49,2022-09-29 17:47:40
eui-000080029c07acf8,000080029C07ACF0,IDU00345-BPI San Pedro,,,False,,0.0,,,
eui-000080029c07ad01,[],IDU00386-Radius 3-PWX,2022-09-22 22:47:06,,True,2022-09-29 17:47:36,0.0,2022-09-29 17:44:51,2022-09-29 15:50:55,2022-09-29 17:47:36
eui-000080029c07ad05,000080029C07ACF4,IDU00344-Makati City Hall-PWX,,,False,,0.0,,,
eui-000080029c07ad07,000080029C07ACF7,IDU00426- 10 st. Gilmore Q.C.PWX,2022-09-28 01:46:15,,True,2022-09-29 17:47:48,0.0,2022-09-29 17:35:27,2022-09-29 10:35:27,2022-09-29 17:47:48
eui-000080029c07ad0b,000080029C07ACF8,IDU00340-SH EDSA HERITAGE COSS-PWX,2022-09-22 22:46:56,,True,2022-09-29 17:47:50,0.0,2022-09-29 17:33:51,2022-09-29 17:33:51,2022-09-29 17:47:50
eui-000080029c07ad17,000080029C07AD01,IDU00433-Meralco Lopez Bldg. 3F-PWX,2022-09-22 22:47:04,,True,2022-09-29 17:47:23,0.0,2022-09-29 17:47:15,2022-09-29 07:58:04,2022-09-29 17:47:23
eui-000080029c07ad18,000080029C07AD05,IDU00470-PWX,,,False,,0.0,,,
eui-000080029c07ad19,000080029C07AD07,IDU00460-Marco Polo Event-PWX,2022-09-29 08:50:18,,True,2022-09-29 17:47:48,0.0,2022-09-29 17:47:48,2022-09-29 17:46:39,2022-09-29 17:47:21
eui-000080029c07ad1c,000080029C07AD0B,IDU00395-QC High Rise Bldg 1-PWX,,,False,,0.0,,,
eui-000080029c07ad1f,000080029C07AD17,IDU00445-Meralco Lopez Building-GF East Wing-PWX,,,False,,0.0,,,
eui-000080029c07ad21,000080029C07AD18,IDU00453-Concentrix-ILOILO-3F PRODUCTION ROOM,2022-09-25 13:31:56,,True,2022-09-29 17:47:31,0.0,2022-09-29 17:34:35,2022-09-29 16:48:24,2022-09-29 17:47:31
eui-000080029c07ad26,000080029C07AD19,IDU00455-Villa Rax Resort,2022-09-29 04:52:47,,True,2022-09-29 17:47:35,0.0,2022-09-29 17:47:34,2022-09-29 17:29:53,2022-09-29 17:47:35
eui-000080029c07ad29,000080029C07AD1C,IDU00376-Concentrix-UPA-M-GF Hub Room,2022-09-22 22:46:57,,True,2022-09-29 17:47:21,0.0,2022-09-29 17:43:40,2022-09-29 12:37:22,2022-09-29 17:47:21
eui-000080029c07ad37,000080029C07AD1F,IDU00406-Tivoli Residences W 9F-PWX,2022-09-23 12:09:43,,True,2022-09-29 17:47:58,0.0,2022-09-29 17:47:27,2022-09-29 17:00:59,2022-09-29 17:47:58
eui-000080029c07ad38,000080029C07AD21,IDU00405-Camp Aguinaldo Sr. High School-PWX,2022-09-24 14:24:50,,True,2022-09-29 17:47:40,0.0,2022-09-29 17:47:16,2022-09-29 16:23:56,2022-09-29 17:47:40
eui-000080029c07ad47,000080029C07AD26,IDU00431-BPI Cainta Junction-PWX,2022-09-29 06:46:04,,True,2022-09-29 17:47:41,0.0,2022-09-29 17:47:41,2022-09-29 17:46:30,2022-09-29 17:47:18
eui-000080029c07ad4a,000080029C07AD29,IDU00408-BPI Sucat Road BF Homes-PWX,2022-09-24 11:52:35,,True,2022-09-29 17:47:36,0.0,2022-09-29 17:47:36,2022-09-29 17:46:53,2022-09-29 17:47:29
eui-000080029c07ad4e,000080029C07AD37,IDU00374-SH BANILAD MARIA LUISA COSS-PWX,2022-09-25 13:33:57,,True,2022-09-29 17:47:56,0.0,2022-09-29 17:47:56,2022-09-29 17:47:17,2022-09-29 17:47:37
eui-000080029c07ad54,000080029C07AD38,IDU00403-SH C5 HERITAGE TAGUIG COSS-PWX,2022-09-24 09:47:57,,True,2022-09-29 17:48:00,0.0,2022-09-29 17:48:00,2022-09-29 17:22:36,2022-09-29 17:47:34
eui-000080029c07ad58,000080029C07AD47,IDU00373-Concentrix-UPA-D-4F HUB ROOM,2022-09-22 22:46:59,,True,2022-09-29 17:47:21,0.0,2022-09-29 17:46:24,2022-09-29 17:32:54,2022-09-29 17:47:21
eui-000080029c07ad5e,000080029C07AD4A,IDU00404-DIosdado Macapagal Elementary School-PWX,2022-09-23 04:59:20,,True,2022-09-29 17:47:46,0.0,2022-09-25 02:57:49,2022-09-25 02:57:51,2022-09-29 17:47:46
eui-000080029c07ad60,000080029C07AD4E,IDU00432-BPI BF Paranaque-PWX,2022-09-29 03:04:09,,True,2022-09-29 17:48:01,0.0,2022-09-29 17:47:55,2022-09-29 17:47:55,2022-09-29 17:48:01
eui-000080029c07ad62,000080029C07AD54,IDU00375-Concentrix-UPA-G-4F Network Room 1,2022-09-22 22:47:05,,True,2022-09-29 17:47:50,0.0,2022-09-29 17:46:59,,2022-09-29 17:47:50
eui-000080029c07ad63,000080029C07AD58,IDU00372-BPI Pasig Mabini-PWX,2022-09-22 22:47:01,,True,2022-09-29 17:47:31,0.0,2022-09-29 17:47:28,2022-09-29 17:47:28,2022-09-29 17:47:31
eui-000080029c07ad67,000080029C07AD5E,IDU00322-PWX,,,False,,0.0,,,
eui-000080029c07ad6e,000080029C07AD60,IDU00458-Magnifi Malaysia,2022-09-27 23:58:05,,True,2022-09-29 17:48:00,0.0,2022-09-29 17:48:00,2022-09-29 17:39:37,2022-09-29 17:47:57
eui-000080029c07ad70,000080029C07AD62,IDU00308-BPI Sucat-PWX,2022-09-22 22:46:58,,True,2022-09-29 17:47:58,0.0,2022-09-29 17:47:57,2022-09-29 17:47:58,2022-09-29 17:47:43
eui-000080029c07ad74,000080029C07AD63,IDU00362-Taguig-W Highstreet 2nd floor Men-PWX,2022-09-22 22:46:58,,True,2022-09-29 17:47:34,0.0,2022-09-29 17:42:44,2022-09-29 17:42:13,2022-09-29 17:47:34
eui-000080029c07ad75,000080029C07AD67,IDU00363-Meralco Lopez Bldg. 6F-PWX,2022-09-22 22:46:57,,True,2022-09-29 17:47:27,0.0,2022-09-29 17:47:15,2022-09-29 17:38:00,2022-09-29 17:47:27
eui-000080029c07ad7b,000080029C07AD6E,IDU00341-7eleven Columbia,,,False,,0.0,,,
eui-000080029c07ad7c,000080029C07AD70,IDU00434-PWX,,,False,,0.0,,,
eui-000080029c07ad7e,000080029C07AD74,IDU00465-Ian Demo Gateway-1,,2022-09-28 14:42:28,False,2022-09-28 14:39:13,194.704804,2022-09-28 14:39:13,2022-09-28 14:37:21,2022-09-28 14:39:03
eui-000080029c07ad81,000080029C07AD75,IDU00312-First Gen-San Gabriel Post-PWX,,,False,,0.0,,,
eui-000080029c07ad83,000080029C07AD7B,IDU00471-PWX,,,False,,0.0,,,
eui-000080029c07ad88,000080029C07AD7C,IDU00309-SH NLT1 NORTHBOUND BUL COSS-PWX,2022-09-26 19:51:59,,True,2022-09-29 17:47:38,0.0,2022-09-29 17:47:38,2022-09-29 17:45:59,2022-09-29 17:47:22
eui-000080029c07ad89,000080029C07AD7E,"IDU00366-BPI 67 P. Burgos, Poblacion, Batangas-PWX",2022-09-22 22:46:56,,True,2022-09-29 17:47:55,0.0,2022-09-29 17:47:51,2022-09-29 17:47:09,2022-09-29 17:47:55
eui-000080029c07ad9b,000080029C07AD81,IDU00166-Concentrix-MOA-8F UPS ROOM,2022-09-22 22:46:57,,True,2022-09-29 17:47:48,0.0,2022-09-29 17:41:27,2022-09-29 17:24:10,2022-09-29 17:47:48
eui-000080029c07ad9d,000080029C07AD83,IDU00384-Concentrix-UPA-G-3F Network Room 1,2022-09-22 22:47:02,,True,2022-09-29 17:47:41,0.0,2022-09-29 17:46:59,2022-09-28 19:21:37,2022-09-29 17:47:41
eui-000080029c07ada0,000080029C07AD88,IDU00350-PWX,,,False,,0.0,,,
eui-000080029c07ada9,000080029C07AD89,IDU00396-BPI Baliuag-PWX,2022-09-29 05:45:36,,True,2022-09-29 17:47:54,0.0,2022-09-29 17:47:54,2022-09-29 17:47:33,2022-09-29 17:47:54
eui-000080029c07adaa,000080029C07AD9B,IDU00170-BPI Malate Mabini-PWX,,,False,,0.0,,,
eui-000080029c07adab,000080029C07AD9D,IDU00390-BPI Sampaloc-PWX,,,False,,0.0,,,
eui-000080029c07adad,000080029C07ADA0,IDU00389-QC Regional Evacuation Center-PWX,2022-09-22 22:46:57,,True,2022-09-29 17:47:23,0.0,2022-09-29 17:47:22,2022-09-29 09:31:14,2022-09-29 17:47:23
eui-000080029c07adaf,000080029C07ADA9,IDU00430-Office-PWX,2022-09-22 22:47:04,,True,2022-09-29 17:47:40,0.0,,,2022-09-29 17:47:40
eui-000080029c07adb8,000080029C07ADAA,IDU00391-ULPI Fermentation Bay 5.2-PWX,2022-09-26 04:02:16,,True,2022-09-29 17:47:50,0.0,2022-09-29 17:47:50,2022-09-29 17:47:48,2022-09-29 17:47:32
eui-000080029c07adc0,000080029C07ADAB,IDU00444-Meralco Lopez Bldg-Command Center-PWX,2022-09-22 22:47:01,,True,2022-09-29 17:47:22,0.0,2022-09-29 17:46:54,2022-09-29 16:01:41,2022-09-29 17:47:22
eui-000080029c07adc8,000080029C07ADAD,IDU00454-SH BINAN SAN PEDRO HWAY LAG COSS,2022-09-22 22:47:02,,True,2022-09-29 17:47:38,0.0,2022-09-29 17:47:38,2022-09-29 17:47:34,2022-09-29 17:47:21
eui-000080029c07adcb,000080029C07ADAF,IDU00462-Magnifi-Malaysia-PWX,,,False,,0.0,,,
eui-000080029c07adcc,000080029C07ADB8,IDU00397-BPI Guiguinto-PWX,2022-09-22 22:46:57,,True,2022-09-29 17:47:48,0.0,2022-09-29 17:47:24,2022-09-29 17:46:07,2022-09-29 17:47:48
eui-000080029c07adcd,000080029C07ADC0,IDU00425-Noli Hernandez-PWX,,2022-09-29 12:51:27,False,2022-09-29 12:47:48,219.330326,2022-09-29 12:47:14,2022-09-29 12:42:25,2022-09-29 12:47:48
eui-000080029c07add1,000080029C07ADC8,IDU00451-Office-PWX,,,False,,0.0,,,
eui-000080029c07add2,000080029C07ADCB,IDU00464-Magnifi-Malaysia-PWX,2022-09-14 16:39:40,,True,2022-09-29 17:48:11,0.0,2022-09-29 17:48:11,2022-09-26 08:18:28,2022-09-29 17:47:44
eui-000080029c07add5,[],IDU00387-Radius-BSC- 3F Data Center,,,False,,0.0,,,
eui-000080029c07addf,000080029C07ADCC,IDU00448-Eunice Romero-PWX,,,False,,0.0,,,
eui-000080029c07ade2,000080029C07ADCD,IDU00467-Silikon-Candelaria Quezon-PWX,2022-09-28 11:26:20,,True,2022-09-29 17:47:40,0.0,2022-09-29 17:47:23,2022-09-29 17:42:08,2022-09-29 17:47:40
eui-000080029c07ade4,000080029C07ADD1,IDU00343-W Fifth-PWX,2022-09-22 22:46:46,,True,2022-09-29 17:47:49,0.0,,,2022-09-29 17:47:49
eui-000080029c07ade6,000080029C07ADD2,IDU00466-Magnifi-Malaysia-PWX,,,False,,0.0,,,
eui-000080029c07adeb,000080029C07ADD5,IDU00351-UP Diliman-Nesto Tiglao,,,False,,0.0,,,
eui-000080029c07adec,000080029C07ADDF,IDU00169-BPI Valenzuela-PWX,2022-09-22 22:46:59,,True,2022-09-29 17:48:08,0.0,2022-09-29 17:48:08,2022-09-29 17:47:22,2022-09-29 17:47:56
eui-000080029c07adf1,000080029C07ADE2,IDU00463-PWX,2022-09-26 19:51:27,,True,2022-09-29 17:48:13,0.0,2022-09-29 17:48:13,2022-09-29 17:46:19,2022-09-29 17:47:59
eui-000080029c07adf3,000080029C07ADE4,IDU00472-Malaysia-Magnifi-PWX,2022-09-22 11:04:11,,True,2022-09-29 17:47:57,0.0,2022-09-29 17:47:51,2022-09-29 17:41:43,2022-09-29 17:47:57
eui-000080029c07adf8,000080029C07ADE6,IDU00342-QC High Rise Bldg 2,2022-09-25 08:37:03,,True,2022-09-29 17:47:46,0.0,2022-09-29 17:47:46,2022-09-29 17:47:35,2022-09-29 17:47:32
eui-000080029c07adf9,000080029C07ADEB,IDU00449-Office-PWX,,,False,,0.0,,,
eui-000080029c07ae00,000080029C07ADEC,IDU00352-Clixlogic Vismin-PWX,,,False,,0.0,,,
eui-000080029c07ae01,000080029C07ADF1,IDU00369-Fast Cargo Cebu-Dry Storage Roof-PWX,2022-09-13 11:12:29,,True,2022-09-29 17:48:04,0.0,2022-09-29 17:48:04,,2022-09-29 17:47:37
eui-000080029c07ae06,000080029C07ADF3,IDU00429-Fast Logistics Production Area-PWX,2022-09-29 08:45:43,,True,2022-09-29 17:47:43,0.0,2022-09-29 17:46:01,2022-09-29 10:09:44,2022-09-29 17:47:43
eui-000080029c07ae09,000080029C07ADF8,IDU00468-Magnifi Malaysia-PWX,,,False,,0.0,,,
eui-000080029c07ae0e,000080029C07ADF9,IDU00450-Silikon-Candelaria Quezon-PWX,2022-09-28 05:59:48,,True,2022-09-29 17:48:11,0.0,2022-09-29 17:48:10,2022-09-29 17:48:11,2022-09-29 17:47:47
eui-000080029c07ae0f,000080029C07AE00,IDU00323-ULPI-Conditioning Area-GSM,2022-09-25 06:38:23,,True,2022-09-29 17:48:01,0.0,2022-09-29 17:48:01,2022-09-29 17:45:17,2022-09-29 17:47:46
eui-000080029c07ae12,000080029C07AE01,IDU00440-Varacco Farm Cavite Alianna-PWX,,,False,,0.0,,,
eui-000080029c07ae13,000080029C07AE06,IDU00349-St. Ignatius Paris cor 3rd St-PWX,2022-09-22 22:46:57,,True,2022-09-29 17:47:49,0.0,2022-09-29 17:46:41,2022-09-29 17:33:24,2022-09-29 17:47:49
eui-000080029c07ae15,000080029C07AE09,IDU00168-Gate 1 St. Ignatius-PWX,,,False,,0.0,,,
eui-000080029c07ae1b,000080029C07AE0E,IDU00330-BPI QA Fishermall-PWX,2022-09-22 22:47:04,,True,2022-09-29 17:47:52,0.0,2022-09-29 17:47:50,2022-09-29 17:40:20,2022-09-29 17:47:52
eui-000080029c07ae1f,000080029C07AE0F,IDU00331-W Highstreet Rooftop-PWX,2022-09-22 22:46:57,,True,2022-09-29 17:47:46,0.0,2022-09-29 17:37:00,2022-09-29 17:04:59,2022-09-29 17:47:46
eui-000080029c07ae20,000080029C07AE12,IDU00336-PWX,,,False,,0.0,,,
eui-000080029c07ae22,000080029C07AE13,IDU00399-AFPOVAI Phase 3 Manila Water-PWX,2022-09-22 22:47:03,,True,2022-09-29 17:48:03,0.0,2022-09-29 17:41:08,2022-09-29 15:26:17,2022-09-29 17:48:03
eui-000080029c07ae23,000080029C07AE15,IDU00324-BPI FTI Taguig-PWX,2022-09-22 22:46:59,,True,2022-09-29 17:48:09,0.0,2022-09-29 17:48:09,2022-09-29 17:48:09,2022-09-29 17:48:02
eui-000080029c07ae24,000080029C07AE1B,IDU00476-W Group-PWX,2022-09-22 22:47:00,,True,2022-09-29 17:48:04,0.0,2022-09-29 17:48:04,2022-09-29 17:27:05,2022-09-29 17:47:37
eui-000080029c07ae2e,000080029C07AE1F,IDU00356-Torre De Manila 10F-PWX,2022-09-25 13:39:59,,True,2022-09-29 17:48:11,0.0,2022-09-29 04:11:56,2022-09-29 04:09:05,2022-09-29 17:48:11
eui-000080029c07ae2f,E000080029C07AE2,IDU00348-ThingsPh Sodexo-PWX,2022-09-22 22:47:02,,True,2022-09-29 17:47:35,0.0,2022-09-29 17:44:16,2022-09-29 14:50:17,2022-09-29 17:47:35
eui-000080029c07ae31,000080029C07AE22,IDU00442-Jopet2-PWX,,,False,,0.0,,,
eui-000080029c07ae33,000080029C07AE23,IDU00333-SM Jazz Residence,,,False,,0.0,,,
eui-000080029c07ae35,000080029C07AE24,IDU00365-Gawad Kalinga Rooftop,2022-09-27 06:57:20,,True,2022-09-29 17:47:41,0.0,2022-09-29 17:47:41,2022-09-29 17:44:00,2022-09-29 17:47:21
eui-000080029c07ae3b,000080029C07AE2E,IDU00327-PWX,,,False,,0.0,,,
eui-000080029c07ae45,000080029C07AE2F,IDU00364-BPI Buendia Pasong Tamo-PWX,2022-09-24 11:54:15,,True,2022-09-29 17:47:45,0.0,2022-09-29 17:47:45,2022-09-29 17:46:29,2022-09-29 17:47:29
eui-000080029c07ae4a,000080029C07AE31,IDU00380-Concentrix-UPA-D-GF Server Room,2022-09-23 04:15:12,,True,2022-09-29 17:48:10,0.0,2022-09-29 17:48:10,2022-09-29 17:35:36,2022-09-29 17:47:44
eui-000080029c07ae4c,000080029C07AE33,IDU00378-Concentrix-SHAW-UPS ROOM,2022-09-24 11:49:56,,True,2022-09-29 17:47:56,0.0,2022-09-29 17:46:29,2022-09-29 15:52:02,2022-09-29 17:47:56
eui-000080029c07ae4e,000080029C07AE35,IDU00307-SH TAFT NORTH MEGAWORLD ILOILO COSS,2022-09-25 16:32:33,,True,2022-09-29 17:47:58,0.0,2022-09-29 17:47:39,2022-09-29 17:36:05,2022-09-29 17:47:58
eui-000080029c07ae4f,000080029C07AE3B,IDU00306-SH NATALIO BACALSO CEBU COSS-PWX,,,False,,0.0,,,
eui-000080029c07ae50,000080029C07AE45,IDU00422-Brgy. Valencia Hills Panel-PWX,2022-09-24 11:29:43,,True,2022-09-29 17:48:12,0.0,2022-09-29 17:38:18,2022-09-29 15:51:23,2022-09-29 17:48:12
eui-000080029c07ae58,000080029C07AE4A,IDU00354-Clixlogic Vismin-PWX,,,False,,0.0,,,
eui-000080029c07ae5a,000080029C07AE4C,IDU00337-Concentrix-MACTAN-3F UPS ROOM,2022-09-13 11:12:30,,True,2022-09-29 17:47:38,0.0,2022-09-29 17:42:01,2022-09-29 15:51:39,2022-09-29 17:47:38
eui-000080029c07ae5d,000080029C07AE4E,IDU00338-Meralco TSB Bldg-PWX,2022-09-27 18:24:09,,True,2022-09-29 17:48:00,0.0,2022-09-29 17:48:00,2022-09-29 17:46:13,2022-09-29 17:47:53
eui-000080029c07ae65,000080029C07AE4F,IDU00469-BPI Calamba Real-PWX,2022-09-22 22:46:57,,True,2022-09-29 17:47:58,0.0,2022-09-29 17:47:58,2022-09-29 17:25:14,2022-09-29 17:47:56
eui-000080029c07ae74,000080029C07AE50,IDU00383-Concentrix-UPA-D-2F HUB ROOM,2022-09-22 22:47:00,,True,2022-09-29 17:47:29,0.0,2022-09-29 17:46:24,2022-09-29 15:45:55,2022-09-29 17:47:29
eui-000080029c07ae78,000080029C07AE58,"IDU00346-S Luzon Expy, Putatan, Muntinlupa-PWX",2022-09-22 22:46:56,,True,2022-09-29 17:47:58,0.0,2022-09-29 17:47:58,2022-09-29 17:47:51,2022-09-29 17:47:50
eui-000080029c07ae86,000080029C07AE5A,IDU00388-ULPI Cold Storage 3 (Right Middle)- GSM ,2022-09-23 18:21:20,,True,2022-09-29 17:48:01,0.0,2022-09-29 17:48:01,2022-09-29 17:47:24,2022-09-29 17:47:36
eui-000080029c07ae8c,000080029C07AE5D,IDU00452-Clixlogic-PWX,2022-09-22 22:46:56,,True,2022-09-29 17:48:05,0.0,2022-09-29 17:48:05,2022-09-29 13:50:22,2022-09-29 17:48:04
eui-000080029c07ae8e,000080029C07AE65,IDU00477-Two World Square BGC POC-PWX,,,False,,0.0,,,
eui-000080029c07ae91,000080029C07AE74,IDU00314-Winford Hotel Data Center,2022-09-13 11:12:29,,True,2022-09-29 17:48:15,0.0,2022-09-29 17:38:36,2022-09-29 17:23:24,2022-09-29 17:48:15
eui-000080029c07ae97,000080029C07AE78,IDU00371-Concentrix-UPA-G-GF Network Room 1-2,2022-09-22 22:46:46,,True,2022-09-29 17:47:39,0.0,2022-09-29 17:46:59,2022-09-28 19:20:51,2022-09-29 17:47:39
eui-000080029c07ae9b,000080029C07AE86,IDU00367-BPI Forbes Park-PWX (OC),,,False,,0.0,,,
eui-000080029c07ae9f,000080029C07AE8C,IDU00379-Concentrix-SHAW-PANTRY AREA,2022-09-26 09:09:28,,True,2022-09-29 17:47:53,0.0,2022-09-29 17:46:29,2022-09-29 17:00:43,2022-09-29 17:47:53
eui-000080029c07aeaf,[],IDU00318-DLSU Zobel-PWX,2022-09-22 22:47:01,,True,2022-09-29 17:48:20,0.0,2022-09-28 19:00:11,,2022-09-29 17:48:20
eui-000080029c07aeb3,000080029C07AE8E,IDU00304-Winford Hotel Rooftop-PWX,,,False,,0.0,,,
eui-000080029c07aeb4,000080029C07AE91,IDU00301-3 Gen. Segundo San Juan,2022-09-17 09:58:03,,True,2022-09-29 17:48:07,0.0,2022-09-28 20:56:55,2022-09-18 19:02:20,2022-09-29 17:48:07
eui-000080029c07aeb5,000080029C07AE97,IDU00305-Office-PWX,,,False,,0.0,,,
eui-000080029c07aeb7,000080029C07AE9B,IDU00370-Vistamall SOMO POC-NCS-PWX,2022-09-29 08:54:47,,True,2022-09-29 17:48:17,0.0,2022-09-29 17:46:23,,2022-09-29 17:48:17
eui-000080029c07aeba,000080029C07AE9F,IDU00437-LG Petroprime-PWX,,,False,,0.0,,,
eui-000080029c07aebb,000080029C07AEAF,IDU00167-BPI Monumento-PWX,2022-09-26 10:15:33,,True,2022-09-29 17:48:01,0.0,2022-09-29 17:47:48,2022-09-29 17:44:58,2022-09-29 17:48:01
eui-000080029c07aec0,000080029C07AEB3,IDU00439-Insular Life Bldg Corporate Center 2-PWX,2022-09-22 08:44:10,,True,2022-09-29 17:48:25,0.0,2022-09-29 17:47:11,2022-09-29 17:47:12,2022-09-29 17:48:25
eui-000080029c07aec3,000080029C07AEB4,IDU00353-Fast Cargo Cebu LAN-PWX 2F ,2022-09-13 11:12:28,,True,2022-09-29 17:48:25,0.0,2022-09-29 17:48:25,2022-09-29 17:46:27,2022-09-29 17:48:08
eui-000080029c07aec4,000080029C07AEB5,IDU00438-SH ARANETA AVE TANGUB BCD SB COSS-PWX,2022-09-29 08:03:45,,True,2022-09-29 17:48:12,0.0,2022-09-29 17:48:12,2022-09-29 17:47:21,2022-09-29 17:47:53
eui-000080029c07aec6,000080029C07AEB7,IDU00436-LG Petroprime 3/26/2022-PWX,2022-09-13 11:12:28,,True,2022-09-29 17:48:24,0.0,2022-09-29 17:47:04,2022-09-29 16:27:07,2022-09-29 17:48:24
eui-000080029c07aec9,000080029C07AEBA,IDU00392-SH CAYETANO BLVD TAGUIG COSS-PWX,2022-09-28 11:04:16,,True,2022-09-29 17:48:24,0.0,2022-09-29 17:48:24,2022-09-29 17:40:00,2022-09-29 17:48:08
eui-000080029c07aecb,000080029C07AEBB,IDU00457-Concentrix-ILOILO-3F PRODUCTION ROOM,2022-09-25 16:40:19,,True,2022-09-29 17:47:53,0.0,2022-09-29 17:34:35,2022-09-27 05:58:44,2022-09-29 17:47:53
eui-000080029c07aece,000080029C07AEC0,IDU00421-Concentrix-TECHNOHUB L-3F SERVER ROOM,2022-09-26 19:54:13,,True,2022-09-29 17:48:28,0.0,2022-09-29 17:48:10,2022-09-29 17:48:04,2022-09-29 17:48:28
eui-000080029c07aed4,000080029C07AEC3,IDU00359-Hardware-Aernest-PWX,,,False,,0.0,,,
eui-000080029c07aed5,000080029C07AEC4,IDU00313-PWX,,,False,,0.0,,,
eui-000080029c07aedb,000080029C07AEC6,IDU00428-BPI Naic-PWX,2022-09-22 22:46:59,,True,2022-09-29 17:48:10,0.0,2022-09-29 17:48:10,2022-09-29 17:46:08,2022-09-29 17:48:02
eui-000080029c07aee5,000080029C07AEC9,IDU00310-Meralco Lopez 15F Machine Room-PWX,2022-09-22 22:47:00,,True,2022-09-29 17:48:07,0.0,2022-09-29 17:47:51,2022-09-29 17:41:16,2022-09-29 17:48:07
eui-000080029c07aeef,000080029C07AECB,IDU00320-BPI Grace Park 11th Ave-PWX,2022-09-23 07:46:50,,True,2022-09-29 17:48:10,0.0,2022-09-29 17:47:15,2022-09-29 17:45:58,2022-09-29 17:48:10
eui-000080029c07aefa,000080029C07AECE,IDU00315-BPI Commonwealth-PWX,2022-09-22 22:47:04,,True,2022-09-29 17:48:20,0.0,2022-09-29 17:48:20,2022-09-29 17:43:48,2022-09-29 17:47:58
eui-000080029c07aefe,000080029C07AED4,IDU00385-Concentrix Vismin-PWX,2022-09-29 08:51:23,,True,2022-09-29 17:47:53,0.0,2022-09-29 17:46:59,,2022-09-29 17:47:53
eui-000080029c07af00,000080029C07AED5,IDU00381-Concentrix-UPA-G-2F Network Room 2-2,,,False,,0.0,,,
eui-000080029c07af04,000080029C07AEDB,IDU00303-Charles Kabiling-PWX,,,False,,0.0,,,
eui-000080029c07af05,000080029C07AEE5,IDU00360-TOWA-PWX,,,False,,0.0,,,
eui-000080029c07af06,000080029C07AEEF,IDU00423-SH ECOLAND SANDAWA COSS-PWX,2022-09-22 22:46:59,,True,2022-09-29 17:48:11,0.0,2022-09-29 17:48:10,2022-09-29 17:48:11,2022-09-29 17:47:44
eui-000080029c07af07,000080029C07AEFA,IDU00355-Torre De Manila 42F-PWX,,,False,,0.0,,,
eui-000080029c07af09,000080029C07AEFE,IDU00441-LAB PH-PWX,,,False,,0.0,,,
eui-000080029c07af0b,000080029C07AF00,IDU00393-SH ORTIGAS EXT BGY ISIDRO COSS-PWX,2022-09-26 19:54:58,,True,2022-09-29 17:48:25,0.0,2022-09-29 17:48:25,2022-09-29 17:15:51,2022-09-29 17:48:03
eui-000080029c07af0c,000080029C07AF04,IDU00427-PWX,,2022-09-28 14:25:57,False,2022-09-28 14:21:59,238.098209,,,2022-09-28 14:21:59
eui-000080029c07af16,000080029C07AF05,IDU00459-PWX,,,False,,0.0,,,
eui-000080029c07af18,000080029C07AF06,IDU00473-PWX,,,False,,0.0,,,
eui-000080029c07af19,000080029C07AF07,IDU00420-St. Ignatius Brgy Hall 2F,,,False,,0.0,,,
eui-000080029c07af1d,000080029C07AF09,IDU00456-Clixlogic-PWX,2022-09-22 22:46:59,,True,2022-09-29 17:48:10,0.0,2022-09-29 17:48:10,2022-09-29 10:53:42,2022-09-29 17:48:00
eui-000080029c07af20,000080029C07AF0B,IDU00321-W Highstreet 5th Floor Men's CR-PWX,2022-09-22 22:46:57,,True,2022-09-29 17:47:52,0.0,2022-09-29 17:46:51,2022-09-29 17:44:16,2022-09-29 17:47:52
eui-000080029c07af23,000080029C07AF0C,IDU00328-BPI Espana UST-PWX,2022-09-24 00:08:32,,True,2022-09-29 17:48:15,0.0,2022-09-29 17:48:15,2022-09-29 17:22:36,2022-09-29 17:48:08
eui-000080029c07af2f,000080029C07AF16,IDU00329-BPI Loyola Katipunan-PWX,2022-09-22 22:46:57,,True,2022-09-29 17:48:13,0.0,2022-09-29 17:48:13,2022-09-29 17:38:33,2022-09-29 17:48:01
eui-000080029c07af33,000080029C07AF18,IDU00325-BASF NUEVA ECIJA-PWX,2022-09-27 09:06:18,,True,2022-09-29 17:48:21,0.0,2022-09-29 17:48:21,2022-09-29 17:47:45,2022-09-29 17:48:12
eui-000080029c07af35,000080029C07AF19,IDU00326-PWX,,,False,,0.0,,,
eui-000080029c07af36,000080029C07AF1D,IDU00358-Florian-PWX,,,False,,0.0,,,
eui-000080029c07af3a,000080029C07AF20,IDU00335-ThingsPh-Vitro Makati,2022-09-22 22:46:57,,True,2022-09-29 17:48:13,0.0,2022-09-29 17:48:13,2022-09-29 17:48:13,2022-09-29 17:48:08
eui-000080029c07af3d,000080029C07AF23,IDU302-ULPI-Receiving Area-LAN,2022-09-19 07:48:49,,True,2022-09-29 17:48:02,0.0,2022-09-29 17:48:01,2022-09-29 11:52:08,2022-09-29 17:48:02
eui-000080029c07af3e,000080029C07AF2F,IDU00461-Manila Water-LGV Gate7-PWX,2022-09-22 22:46:56,,True,2022-09-29 17:48:06,0.0,2022-09-29 17:44:47,2022-09-29 13:44:47,2022-09-29 17:48:06
eui-000080029c07af3f,000080029C07AF33,IDU00334-Meralco Lopez 10F-PWX,,,False,,0.0,,,
eui-000080029c07af41,E000080029C07AF3,IDU00332-PWX,,,False,,0.0,,,
eui-000080029c07af4b,000080029C07AF36,IDU00435-LG Petroprime-PWX,2022-09-28 10:04:11,,True,2022-09-29 17:48:30,0.0,2022-09-29 16:58:46,2022-09-29 00:58:46,2022-09-29 17:48:30
eui-000080029c07af4f,000080029C07AF3A,For Door Lock Development,,2022-09-29 10:10:58,False,2022-09-29 10:07:36,202.239412,,,2022-09-29 10:07:36
eui-000080029c07af5b,000080029C07AF3D,IDU00424-MSERVE-PWX,,,False,,0.0,,,
eui-000080029c07af5f,000080029C07AF3E,IDU00474-Rommel Gadin-PWX,,,False,,0.0,,,
eui-000080029c07af60,000080029C07AF3F,IDU00475-Ian Demo Gateway-2,2022-09-29 08:51:35,,True,2022-09-29 17:48:04,0.0,2022-09-29 17:48:04,2022-09-29 17:41:57,2022-09-29 17:47:47
eui-000080029c07af64,000080029C07AF41,IDU00412-Somerset-PWX,2022-09-23 19:02:20,,True,2022-09-29 17:48:09,0.0,2022-09-29 17:40:58,2022-09-29 17:40:59,2022-09-29 17:48:09
eui-000080029c07af73,000080029C07AF4B,IDU00443-PWX,2022-09-22 22:46:57,,True,2022-09-29 17:48:32,0.0,2022-09-29 17:48:32,2022-09-29 17:06:25,2022-09-29 17:48:06
eui-000080029c07af7a,[],IDU00382-Concentrix-UPA-G-GF UPS room,2022-09-22 22:47:01,,True,2022-09-29 17:48:04,0.0,2022-09-29 17:48:04,2022-09-29 08:45:00,2022-09-29 17:47:51
eui-000080029c07af7e,000080029C07AF4F,IDU00398-QC Regional Evacuation Center-PWX,2022-09-24 18:09:59,,True,2022-09-29 17:48:23,0.0,2022-09-29 17:48:01,2022-09-29 17:21:51,2022-09-29 17:48:23
eui-000080029c07af82,000080029C07AF5B,IDU00409-SH C5 ROAD EXTENSION PASAY COSS-PWX,2022-09-22 22:46:56,,True,2022-09-29 17:48:11,0.0,2022-09-29 17:48:05,2022-09-29 17:46:27,2022-09-29 17:48:11
eui-000080029c07af8a,000080029C07AF5F,IDU00411-BPI E. Aguinaldo Hi-way-PWX,2022-09-22 22:46:58,,True,2022-09-29 17:48:00,0.0,2022-09-29 17:48:00,2022-09-29 17:44:30,2022-09-29 17:47:49
eui-000080029c07af8b,000080029C07AF60,IDU00377-Cebu- Teradyne GF-PWX,2022-09-22 22:46:59,,True,2022-09-29 17:48:26,0.0,2022-09-29 17:48:26,2022-09-29 17:47:03,2022-09-29 17:48:24
eui-000080029c07af94,000080029C07AF64,IDU00401-Eugenio Lopez SR. High School-PWX,2022-09-22 22:47:02,,True,2022-09-29 17:48:13,0.0,2022-09-29 17:32:13,2022-09-29 17:32:13,2022-09-29 17:48:13
eui-000080029c07af96,000080029C07AF73,IDU00400-SH C5 JULIA VARGAS COSS-PWX,2022-09-22 22:46:59,,True,2022-09-29 17:48:22,0.0,2022-09-29 17:48:22,2022-09-29 17:48:22,2022-09-29 17:48:17
eui-000080029c07af97,000080029C07AF7A,IDU00410-BPI The District Imus-PWX,2022-09-25 16:14:10,,True,2022-09-29 17:48:11,0.0,2022-09-29 17:48:03,2022-09-29 17:47:19,2022-09-29 17:48:11
eui-0001c497bffb3f8,000080029C07AF7E,"IDU00186-Jose P. Laurel Hwy, Lipa, Batangas-PWX",2022-09-25 10:46:15,,True,2022-09-29 17:48:27,0.0,2022-09-29 17:48:27,2022-09-29 17:34:26,2022-09-29 17:48:04
eui-0016c001f11e6e92,000080029C07AF82,Pico Next Jethro Test,,,False,,0.0,,,
eui-0016c001f11e7c1f,000080029C07AF8A,PICO-00011-PWX,,,False,,0.0,,,
eui-0016c001f11e7de8,000080029C07AF8B,PICO-00009-PWX,,,False,,0.0,,,
eui-0016c001f11e8386,000080029C07AF94,PICO-00008-PWX,,,False,,0.0,,,
eui-0016c001f11e85f3,000080029C07AF96,PICO-00012-PWX,,,False,,0.0,,,
eui-0016c001f11e8716,000080029C07AF97,PICO-000NA10-PWX,,,False,,0.0,,,
eui-0016c001f11e87f6,00001C497BFFB3F8,PICO-00010-PWX,,,False,,0.0,,,
eui-0016c001f11ecbea,0016C001F11E6E92,PICO-0000N/A-PWX,,,False,,0.0,,,
eui-0016c001f1556eaf,0016C001F11E7C1F,PICO-00004-Pico Next Indoor Gateway Testing,,,False,,0.0,,,
johann-basics-station-1,0016C001F11E7DE8,johann-basics-station-1,,2022-09-29 17:47:21,False,0001-01-01 01:01:00,0.0,,,
johann-non-basic-station-test,0016C001F11E8386,johann-non-basic-station-test,,,False,,0.0,,,
